title,group
Agapé Undergraduate Small Group LIVE,Religious/SpiritualReligious
DMV Drop-Offs LIVE,SocialGraduate StudentsInternational StudentsUndergraduate Students
Dinner Church LIVE,StudentCommunityCulturalFoodFree FoodLGBTQIA MindfulnessReligiousSpritual/ReligiousWellness - Spiritual
Practices LIVE,StudentClub Sports
Zhibo and Timmy Midweek LIVE,Student
Karina and Darshan Midweek LIVE,Student
Rachel and Jackson Midweek LIVE,Student
Kelly and Darshan Midweek LIVE,Student
Kathy and Shay Midweek LIVE,Student
BCS Volunteering Fall 2023 LIVE,StudentEducationStudentVolunteer
Masters Job Search Group Advising LIVE,Workshop/Short CourseCareerGraduate Students
Doctoral Career Exploration Group LIVE,Workshop/Short CourseCareerGraduate Students
DIIG Fellowship LIVE,Student
Professional Headshots for Nic School LIVE,StudentCareerGraduate StudentsStudent
Hatha Yoga in the Wellness Center TODAY,Health/WellnessDuWellMindfulnessMoments of MindfulnessWellness - Mind-Body
Hatha Yoga in the Wellness Center TODAY,Health/WellnessDuWellMindfulnessMoments of MindfulnessWellness - Mind-Body
Sydney and Angelica Midweek TODAY,Student
Crafting in the Wellness Center TODAY,Health/WellnessCraftsmanshipDuWellMindfulnessMoments of Mindfulness
Crafting on East Campus TODAY,Health/WellnessCraftsmanshipDuWellHealth/WellnessMindfulnessMoments of Mindfulness
Open Pickleball Practice [Hosted by Duke Club Pickleball] TODAY,SocialCommunityFunHealth/WellnessRecreation/CompetitionSocial
(OPEN) New Member Programming: Case Prep Workshop TODAY,Student
Family Dinner with JLD TODAY,StudentFoodFreeFree FoodJewish
Alon Arvatz: The Battle for Your Computer TODAY,Lecture/TalkIsraelTechnology
Process Workshop TODAY,Panel/Seminar/Colloqium
Figure Drawing Workshop TODAY,DUUDUUVisArts
Spooky Ruby TODAY,Student
American Sign Language Lesson TODAY,Lecture/Talk
GlobeMed GBM TODAY,Student
GlobeMed GBM TODAY,Health/WellnessGlobal HealthPre-MedSTEMVolunteer
SHPE Final Check-In TODAY,StudentLatinxProfessional Students
Duke Drone Racing Meeting TODAY,StudentCommunityEngineeringRecreation/CompetitionSTEMTechnology
HANDoween Social TODAY,Social
Jessica & Leon's Freshman Small Group TODAY,Religious/Spiritual
Judy & Caleb's Upperclassman Small Group TODAY,Religious/Spiritual
Duke SHAPE Freshmen Training TODAY,Student
Catalyst SWE Workshop TODAY,Lecture/Talk
Leadership Development Program TODAY,Panel/Seminar/Colloqium
Leadership Development Program TODAY,Panel/Seminar/Colloqium
Out of the Blue Rehearsal TODAY,StudentA Capella
Backpacks for Durham TODAY,Student
Fajr Breakfast Club TOMORROW,Religious/SpiritualCMLMuslim
dPS Fellows StudentU Volunteering TOMORROW,Student
Birding for Mindfulness TOMORROW,Health/WellnessDuWellMindfulnessMoments of MindfulnessWellness - Environmental
Meditative Art in the Wellness Center TOMORROW,Health/WellnessArtDuWellMindfulnessMoments of MindfulnessWellnessWellness - Mind-Body
Meditation Practices in the Wellness Center TOMORROW,Health/WellnessDuWellMeditationMindfulnessMoments of Mindfulness
Global Conversations in The Wellness Center TOMORROW,Health/WellnessDuWellHealth/WellnessMoments of MindfulnessWellnessWellness - Social
Global Conversations in the Wellness Center TOMORROW,Lecture/TalkMoments of Mindfulness
DSC Session at Hillside High School TOMORROW,Student
DSC Session at Hillside High School TOMORROW,Student
DSC Session at Hillside High School TOMORROW,Student
Arts Annex Open Hours TOMORROW,StudentArt
DUU FrightFest Scare Trail TOMORROW,"Parent: DUU FrightFest - ""The Shining"" Late Night Screenings"
Frightfest - Escape Room TOMORROW,"Parent: DUU FrightFest - ""The Shining"" Late Night Screenings"
DUU FrightFest: Pumpkin Painting TOMORROW,DUUArtFreeVisArts
DUU FrightFest: Face Painting TOMORROW,DUUArtFreeFun
DUU FrightFest: Screen Printed Tote Bags TOMORROW,DUUArtFreeFun
Brushed Calligraphy on East Campus TOMORROW,Health/WellnessDuWellMindfulnessMoments of MindfulnessWellness
Restorative Yoga in the Wellness Center TOMORROW,Health/WellnessDuWellMindfulnessMoments of MindfulnessRestorativeWellness - Mind-Body
Hanging with Helpful Humans TOMORROW,StudentAcademic GuidesAdvisingCareerClass of 2025Class of 2026CSGDDuWellFree FoodHealth/WellnessHidden CurriculumInternational StudentsMary Lou Williams CenterOuting ClubRecreation/CompetitionSophomore Year ExperienceWellness - FinancialWellness - IntellectualWellness - SocialWellness - Spiritual
"Opportunities, Resources, and Strategies to Start Your Career in Social Impact TOMORROW",Student
KitabConnect TOMORROW HYBRID,Religious/SpiritualMuslim
Halloween Open Mic! TOMORROW,SocialArtPerformancePoetryWriting
DQF Bootcamp TOMORROW,Workshop/Short Course
"DUU FrightFest - ""The Shining"" Late Night Screenings TOMORROW",DUUDUUFilmFunHalloween
DUU FrightFest TOMORROW,"Parent: DUU FrightFest - ""The Shining"" Late Night Screenings"
Scale and Coin NME Teach-in TOMORROW,Student
Duke LBO General Body Meeting TOMORROW,Multicultural/Identity
Naomie & Austin's Freshman Small Group TOMORROW,Religious/Spiritual
Tutor Bonding Cultural Event TOMORROW,Multicultural/IdentityLatinxService
RUF Large Group TOMORROW,Religious/SpiritualReligiousSpritual/Religious
WiT Weekly Meetings TOMORROW,Student
Duke Cyber Policy Track Meeting TOMORROW,Student
Stargazing Devils Exec Meeting TOMORROW,Panel/Seminar/Colloqium
Fajr Breakfast Club,Religious/SpiritualCMLMuslim
dPS Fellows StudentU Volunteering,Student
DSC Session at Rogers-Herr Middle School,Student
STI Testing,Health/WellnessSTI Testing
Clothes Swap,Student
SHAPE GBM,StudentActivism
Don’t “Leaf” Your Problems Behind: Tips for Addressing Concerns Before They Escalate,Workshop/Short Course
A2i Job Search Series,Panel/Seminar/ColloqiumCareerGraduate StudentsPostdocProfessional Students
A2i Job Search Series,Panel/Seminar/ColloqiumCareerGraduate StudentsPostdocProfessional Students
Origami With Music on East Campus,Health/WellnessArtDuWellMindfulnessMoments of MindfulnessWellness
DSC Session at Durham School of Technology After School Club,Student
Wellness Walk on East Campus,Health/WellnessDuWellMindfulnessMoments of MindfulnessWellnessWellness - Mind-Body
Arts Annex Open Hours,StudentArt
Bookbagging & Bites,Multicultural/Identity
Effective Meetings - Next Level Leadership,Workshop/Short CourseNext Level Leadership
TeaGather with CommuniTEA,Health/WellnessDuWellMindfulnessMoments of MindfulnessWellness - Social
Karsh Conversations: Climate Careers,Panel/Seminar/ColloqiumCareerEnvironmentNetworking
CMA Armstrong Ambassador Information Session,Multicultural/IdentityActivismAdvocacyBIPOCClass of 2024Class of 2025Class of 2026CommunityCulturalDisability AdvocacyDiversity Information SessionLGBTQIA LiberationSocial JusticeUndergraduate Students
PIHE GBM,Student
Knitting in the Student Wellness Center Oasis,Health/WellnessCraftsmanshipDuWellMindfulnessMoments of MindfulnessWellness - Mind-BodyWellness - Social
Wind Down Wednesday: All of the Above Monologues!,SocialCreative WritingDestressFemale-IdentifyingFree FoodFunWomen's Center
LinoCut Printmaking,Workshop/Short CourseArtDukeCreate
NC State Budget and Medicaid Expansion,Lecture/Talk
Drum Circle in the Wellness Center,Health/WellnessDuWellMindfulnessMoments of MindfulnessWellness - Mind-Body
Native American Heritage Month Pumpkin Painting,Multicultural/IdentityArtCulturalNative American Heritage MonthNative American Sorority
Duke Climate Coalition GBM,StudentEnvironment
Scale and Coin November GBM,Student
SSMU Bookbagging Event,Student
Paint Night on East Campus,Health/WellnessArtDuWellMindfulnessMoments of MindfulnessPaintingWellness
DUST Weekly Workshop,Workshop/Short CourseComedyDestressFreeFunPerformance
Duke Cyber Tech Track Meeting,Student
"Allen, Ann, Daniel & Lucy's Upperclassman Small Group",Religious/Spiritual
DSO Family Mixer,Social
Cru Weekly Meetings,Religious/SpiritualCommunitySpritual/Religious
PCM+ Bible Study,Religious/SpiritualReligious
Alexander Hamilton Society GBM,StudentForeign Policy
SHAPE GBM,StudentActivism
Jazz@ The Mary Lou @Krafthouse,DUUDUUMusic
dPS Fellows StudentU Volunteering,Student
Woodland Brews and Bagel Bites MF Social,Student
Live Unplug Workshop - Next Level Leadership,StudentNext Level Leadership
Live Unplug Workshop - Next Level Leadership,StudentNext Level Leadership
Live Unplug Workshop - Next Level Leadership,StudentNext Level Leadership
Large group,Religious/Spiritual
Empire State Regional,StudentPre-LawTournament
Knitting Workshop,DUUArtDUUFreeRelaxation
Guided Meditation in the Wellness Center,Health/WellnessDuWellMeditationMindfulnessMoments of Mindfulness
Arts Annex Open Hours,StudentArt
Motorsports Design Review,Student
E-Social,Student
General Meeting,Student
General Meeting,Student
Restorative Yoga in the Wellness Center,Health/WellnessDuWellMindfulnessMoments of MindfulnessRestorativeWellness - Mind-Body
Swift Farmer's Market,House/Quad Council
Jackson Office Hours,Student
Networking Event,Social
Daring Leadership - Next Level Leadership,Workshop/Short CourseNext Level Leadership
Ghibli Movie Night with Psi Upsilon: Howl's Moving Castle,SocialAnimationDestressMovieWellness - Social
Sleight of Hand in the Student Wellness Center Oasis,Health/WellnessDuWellMindfulnessMoments of MindfulnessWellness - Social
Basketry with a Twist,Workshop/Short CourseArt
APIQ Speed Dating and Boba,Multicultural/Identity
BOW BIT NMP 3,Student
Duke Quiz Bowl Practice,StudentFun
Duke Quiz Bowl Practice,StudentFun
Duke Quiz Bowl Practice,StudentFun
GANO Weekly Meetings,Panel/Seminar/ColloqiumVolunteer
Creative Writing,Health/WellnessCreative WritingDuWellMoments of MindfulnessWellness
DQF Education Bootcamp Class 2,Lecture/Talk
Agapé Christian Graduate/Professional Students Bible Study,Religious/SpiritualReligiousSpritual/Religious
Smore's Outdoors,SocialAfricanBIPOCBlackCaribbeanSocial
Catalyst Design Workshop,Student
Asian Pacific Islander Queer kickoff with ASA,SocialAsian AmericanCommunityCSGDLGBTQIA Social
Cru Freshmen Girls Life Group,Religious/SpiritualCommunityReligiousSocial
Cru Freshmen Girls Life Group,Religious/SpiritualCommunityReligiousSocial
Duke Debate Exec meeting,StudentDebate
Triangle Mixer,SocialCMLMuslimSpritual/Religious
Coloring and Coffee on East Campus,Health/WellnessArtDrawingDuWellMindfulnessMoments of MindfulnessWellness
DIIG Finance Recruiting Workshop,Lecture/Talk
ENCounter Large Group,Religious/SpiritualFunMusicSocialSpritual/ReligiousWellness
Out of the Blue Rehearsal,StudentA Capella
Duke Aviators Learn to Fly,StudentAviationEngineeringFree
Duke Aviators Learn to Fly,StudentAviationEngineeringFree
Duke Debate Practice,StudentDebate
Tutor Bonding Cultural Event,Multicultural/IdentityLatinx
Career Center Open House,SocialBreakfastCareerFree FoodInformation SessionSocialSupport and Resources
CMA First Friday Breakfast,SocialCMACulturalFree FoodSocial
Global Cafe,SocialEnvironmentGraduate StudentsSocialUndergraduate StudentsWellness
NC Neurodiversity College Career Summit,Panel/Seminar/ColloqiumCareerMentalHealth
Mini-Pumpkin Fundraiser,Student
Missions of Mercy (MOM) Clinic,Health/Wellness
Vinyasa Yoga,Health/WellnessDuWellMindfulnessMoments of MindfulnessWellness - Mind-Body
First Friday,StudentBlackFacultyGraduate StudentsMary Lou Williams CenterUndergraduate Students
Weekly Jumu'ah Service HYBRID,Religious/SpiritualCMLMuslim
Protein Frundraiser,StudentFundraiser
Duke Chapel Climb,Social
Potluck Kickback,SocialCommunityCSGDFoodLGBTQIA Moments of MindfulnessSocial
Dance Class at Emily K Center,Workshop/Short CourseDanceVolunteer
DISC Family Weekend Celebration,SocialGraduate StudentsInternational StudentsUndergraduate Students
Forest Safety Training,Student
Día de los Muertos Celebration,Multicultural/IdentityCulturalFree FoodLatinxSpritual/Religious
Open Pickleball Practice [Hosted by Duke Club Pickleball],SocialCommunityFunHealth/WellnessRecreation/CompetitionSocial
Arts Annex Open Hours,StudentArt
Duke Mock Trial Practice/Scrimmage,Student
E-Social,Student
Wheel Throwing,Workshop/Short CourseArtDukeCreate
Shells and Pearls Beading Night,Multicultural/IdentityArtCulturalNative American Heritage MonthNative American Sorority
Family Weekend Shabbat with Jewish Life at Duke,Religious/SpiritualFree FoodJewishReligious
Bowling,Multicultural/Identity
Boxcar Social for G&P LGBTQ+ Students,SocialCSGDGraduate StudentsLGBTQIA Professional Students
Grace Weber (+ Will Wildfire),Concert/MusicDUU
Family Weekend 2023 Student Performance Showcase 1,Concert/MusicA CapellaDanceduARTSStand-up Comedy
Friday Stargazing Open House,Student
Meet Duke Deewana and Duke Raas,Social
RDU Ramp Tour - *5 PM* FRIDAY NOV 3RD!,TourAviation
DukeEyeServe Speaker Series: Dr. Dunning,Lecture/TalkMedicinePre-MedResearchSpeaker
Parent's Weekend Brunch,Multicultural/IdentityIdentityLatinx
Duke Math Meet,Student
Arts Annex Open Hours,StudentArt
Rhythm & Blue Family Weekend Concert,Concert/Music
Embroidery GBM,SocialAdvocacyCraftsmanshipIdentityLGBTQIA
Family Weekend 2023 Student Performance Showcase 2,Concert/MusicA CapellaDanceduARTSStand-up Comedy
Paint and Sip Chai…and eat Bean Pie!,Multicultural/Identity
Durham Rescue Mission Dinner,Religious/Spiritual
Duke Anime Watchparty,SocialStudent
Devils After Dark: Murder Mystery - Family Weekend Edition,SocialFoodHalloweenSocialTrivia
Noche de Canto- 3 Mi's Karaoke,SocialCommunityCulturalDanceLatinxMusicSinging
Lumberjack,Social
Family Weekend Brunch,Social
Christians On Campus Sunday Gathering,Religious/Spiritual
First Semester MMA Practice,Health/WellnessSports
FAMILY WEEKEND BAGEL BRUNCH WITH JEWISH LIFE AT DUKE,SocialFoodFree FoodJewish
BRUNCHANE,House/Quad CouncilEntertainmentFoodSelf CareSocial
Neurocare Student Outreach Meeting,Social
Arts Annex Open Hours,StudentArt
NAHM Bridge Painting,Multicultural/IdentityArtBIPOCCulturalIdentityNative American Heritage Month
Hackathon Presentations,Student
Duke Amnesty International Meeting,StudentActivismAdvocacyHuman Rights
First-Generation/Lower-Income Awareness Week,Multicultural/Identity
Moot Court GBMs,StudentDebateLaw
Duke Synapse Volunteer Info Session,Student
Open Pickleball Practice [Hosted by Duke Club Pickleball],SocialCommunityFunHealth/WellnessRecreation/CompetitionSocial
Intro to Excel: Duke Consulting Club,Workshop/Short CourseBusiness
Investment Club GBM,Student
Body Banter (Body Empowerment Project) GBM,SocialActivismAdvocacyCommunityDestressFundraiserMentalHealthMindfulnessRelaxationVolunteerWellness
Simple Charity Chapter Meeting,Religious/Spiritual
FORM GBM Meetings,StudentArt
FORM GBM Meetings,StudentArt
TRC Practice,Social
Environmental Alliance GBM,StudentAdvocacyEnvironmentSustainability
Environmental Alliance GBM,StudentAdvocacyEnvironmentSustainability
United in Praise x SBSB Fall Concert,Concert/MusicA CapellaChoirMusicReligiousSinging
Duke BioByte General Body Meeting,Social
Investment Club ITP,Student
BOW Exec Meeting,Student
Duke Quiz Bowl Practice,StudentFun
Simple Charity Chapter Meeting,Religious/Spiritual
TedXDuke Coordinating Committee Interviewing 101 Meeting,Student
Dungeons and Dragon One-Shot with Psi Upsilon,SocialDestressEntertainmentGamesWellness - Social
Duke STEM Connect GBM,StudentEducationSTEM
Erica Dawn Lyle,Concert/MusicDUU
JENNIFER KOH,StudentArtMusic
Jennifer Koh,Concert/MusicArtMusicPerformance
DSC Session at Lowe's Grove,Student
Hatha Yoga in the Wellness Center,Health/WellnessDuWellMindfulnessMoments of MindfulnessWellness - Mind-Body
Hatha Yoga in the Wellness Center,Health/WellnessDuWellMindfulnessMoments of MindfulnessWellness - Mind-Body
Karsh Conversations: UI/UX Design,Panel/Seminar/ColloqiumCareerNetworkingSTEMTechnologyVirtual
Duke LIFE Tote Bag Screen Printing,StudentArtFGLIIdentity
Sydney and Angelica Midweek,Student
Crafting in the Wellness Center,Health/WellnessCraftsmanshipDuWellMindfulnessMoments of Mindfulness
Crafting on East Campus,Health/WellnessCraftsmanshipDuWellHealth/WellnessMindfulnessMoments of Mindfulness
Open Pickleball Practice [Hosted by Duke Club Pickleball],SocialCommunityFunHealth/WellnessRecreation/CompetitionSocial
Let's Talk About Environmental Justice,Lecture/TalkEnvironmentEnvironmental JusticeStudent
Cru Freshmen Girls Life Group,Religious/SpiritualCommunityReligiousSocial
Study Hall,Multicultural/IdentityBlackStudy
BOW x Fuqua CASE Social Impact Initiative,Student
Figure Drawing Workshop,DUUArtDUUVisArts
Speaker Event with Lisa Genova (Duke NeuroCare x Duke HAND),Lecture/TalkAdvocacyHealth/WellnessPre-MedResearchScience JournalismSpeakerSTEMWriting
Catalyst Design Workshop,Student
American Sign Language Lesson,Lecture/Talk
GlobeMed GBM,Student
Day in the Life at Duke Med,Panel/Seminar/ColloqiumHealth/WellnessMedicinePre-MedSTEM
Duke Drone Racing Meeting,StudentCommunityEngineeringRecreation/CompetitionSTEMTechnology
Jessica & Leon's Freshman Small Group,Religious/Spiritual
Judy & Caleb's Upperclassman Small Group,Religious/Spiritual
Leadership Development Program,Panel/Seminar/Colloqium
Leadership Development Program,Panel/Seminar/Colloqium
Out of the Blue Rehearsal,StudentA Capella
TEDxDuke Interviews,Student
Fajr Breakfast Club,Religious/SpiritualCMLMuslim
dPS Fellows StudentU Volunteering,Student
Birding for Mindfulness,Health/WellnessDuWellMindfulnessMoments of MindfulnessWellness - Environmental
Meditative Art in the Wellness Center,Health/WellnessArtDuWellMindfulnessMoments of MindfulnessWellnessWellness - Mind-Body
Meditation Practices in the Wellness Center,Health/WellnessDuWellMeditationMindfulnessMoments of Mindfulness
Meditation Practices in the Wellness Center,Health/WellnessDuWellMeditationMindfulnessMoments of Mindfulness
Global Conversations in The Wellness Center,Health/WellnessDuWellHealth/WellnessMoments of MindfulnessWellnessWellness - Social
Global Conversations in the Wellness Center,Lecture/TalkMoments of Mindfulness
DSC Session at Hillside High School,Student
DSC Session at Hillside High School,Student
DSC Session at Hillside High School,Student
Creative Writing on East Campus,Health/WellnessCreative WritingDuWellMindfulnessMoments of MindfulnessWellnessWriting
Restorative Yoga in the Wellness Center,Health/WellnessDuWellMindfulnessMoments of MindfulnessRestorativeWellness - Mind-Body
Hanging with Helpful Humans,StudentAcademic GuidesAdvisingCareerClass of 2025Class of 2026CSGDDuWellFree FoodHealth/WellnessHidden CurriculumInternational StudentsMary Lou Williams CenterOuting ClubRecreation/CompetitionSophomore Year ExperienceWellness - FinancialWellness - IntellectualWellness - SocialWellness - Spiritual
DREC X Prologis Event,Student
KitabConnect HYBRID,Religious/SpiritualMuslim
Black Duke LIFE Appreciation,Social
Rez Dogs Watch Party,Multicultural/IdentityBIPOCClass of 2023Class of 2024Class of 2025Class of 2026Identity
General Body Meeting 2,SocialDebatePolicyPolitics
MAPS Primary Care Panel,Panel/Seminar/ColloqiumHealth/WellnessMedicinePre-Med
DQF Bootcamp,Workshop/Short Course
Pre-Dental Society- GBM,Student
Munchin' Seoul,Social
Scale and Coin NME Teach-in,Student
November Values Forum,Panel/Seminar/Colloqium
Naomie & Austin's Freshman Small Group,Religious/Spiritual
RUF Large Group,Religious/SpiritualReligiousSpritual/Religious
WiT Weekly Meetings,Student
Duke Cyber Policy Track Meeting,Student
Stargazing Devils Exec Meeting,Panel/Seminar/Colloqium
Fajr Breakfast Club,Religious/SpiritualCMLMuslim
dPS Fellows StudentU Volunteering,Student
Duke LIFE Awareness Week: Tabling!,StudentArtCMAFGLI
Grad/Prof Lunch with Stacia Solomon,Lecture/TalkCommunityFree FoodGraduate StudentsNetworkingProfessional Students
What Nobody Tells You: Offer Letters,Panel/Seminar/ColloqiumCareerNetworkingVirtual
Origami With Music on East Campus,Health/WellnessArtDuWellMindfulnessMoments of MindfulnessWellness
TeaGather with CommuniTEA,Health/WellnessDuWellMindfulnessMoments of MindfulnessWellness - Social
DMSLC: November 8 Meeting HYBRID,Lecture/TalkFree Food
DSC Session at Durham School of Technology After School Club,Student
Wellness Walk on East Campus,Health/WellnessDuWellMindfulnessMoments of MindfulnessWellnessWellness - Mind-Body
International Graduate & Professional Student Happy Hour-November,SocialCommunityCulturalFoodFreeFree FoodFunGamesGiveawaysGraduate StudentsInternational StudentsNetworkingProfessional StudentsSocial
Breaking Bread,StudentBlackFoodMary Lou Williams CenterUndergraduate Students
DuWell Paint Night in the Student Wellness Center,Health/WellnessMoments of Mindfulness
Restorying,StudentStudent
Multicultural Graduation Feedback Session,Multicultural/IdentityCMACultural GraduationFood
PIHE GBM CHW Speaker Event,Student
Knitting in the Student Wellness Center Oasis,Health/WellnessCraftsmanshipDuWellMindfulnessMoments of MindfulnessWellness - Mind-BodyWellness - Social
College Life Hacks,StudentAdvisingCommunityMentalHealth
Camp Kesem GBM!!,StudentVolunteer
Drum Circle in the Wellness Center,Health/WellnessDuWellMindfulnessMoments of MindfulnessWellness - Mind-Body
Catalyst FinTech Workshop,Student
Duke Climate Coalition GBM,StudentEnvironment
dPS Fellowship Meeting,StudentActivismAdvocacyVolunteer
Paint Night on East Campus,Health/WellnessArtDuWellMindfulnessMoments of MindfulnessPaintingWellness
DUST Weekly Workshop,Workshop/Short CourseComedyDestressFreeFunPerformance
Duke Cyber Tech Track Meeting,Student
"Allen, Ann, Daniel & Lucy's Upperclassman Small Group",Religious/Spiritual
DSG Senate,Student
Cru Weekly Meetings,Religious/SpiritualCommunitySpritual/Religious
Technical Workshop,Workshop/Short Course
Alexander Hamilton Society Abdullah Antepli Fellowship Meeting,Lecture/Talk
Jazz@ The Mary Lou @Krafthouse,DUUDUUMusic
DMV Drop-Offs,SocialGraduate StudentsInternational StudentsUndergraduate Students
dPS Fellows StudentU Volunteering,Student
Drop-In Travel Signature Program,StudentGraduate StudentsInternational StudentsUndergraduate Students
NC Masters and Doctoral Virtual Career Fair,Panel/Seminar/ColloqiumCareerGraduate StudentsNetworkingProfessional Students
Large group,Religious/Spiritual
Science and faith reading group,Student
Delegation and Empowerment - Next Level Leadership,Workshop/Short CourseNext Level Leadership
Guided Meditation in the Wellness Center,Health/WellnessDuWellMeditationMindfulnessMoments of Mindfulness
Social Host Workshop,Health/WellnessDuWellNext Level LeadershipSocial Host
E-Social,Student
General Meeting,Student
General Meeting,Student
Restorative Yoga in the Wellness Center,Health/WellnessDuWellMindfulnessMoments of MindfulnessRestorativeWellness - Mind-Body
Intentionally Erased Movie Screening,Multicultural/IdentityBlackCMACommunityCSGDGender Violence PreventionIdentityLGBTQIA Mary Lou Williams CenterMovieQTPOCTransgenderWomen's Center
Jackson Office Hours,Student
Leadership and Followership - Next Level Leadership,Workshop/Short CourseNext Level Leadership
Sleight of Hand in the Student Wellness Center Oasis,Health/WellnessDuWellMindfulnessMoments of MindfulnessWellness - Social
Birthday Cards for Incarcerated People,StudentAdvocacyFree FoodHuman RightsServiceSocialSocial Justice
Faculty Seminar Series,Lecture/Talk
DukeLIFE Awareness Week: Mug Painting!,Multicultural/IdentityArtFree FoodWellness
Duke Quiz Bowl Practice,StudentFun
Duke Quiz Bowl Practice,StudentFun
Duke Quiz Bowl Practice,StudentFun
Whiplash CD Decorating,DUUArtFree FoodVisArts
Creative Writing,Health/WellnessCreative WritingDuWellMoments of MindfulnessWellness
DQF Education Bootcamp Class 2,Lecture/Talk
Agapé Christian Graduate/Professional Students Bible Study,Religious/SpiritualReligiousSpritual/Religious
Cru Freshmen Girls Life Group,Religious/SpiritualCommunityReligiousSocial
Cru Freshmen Girls Life Group,Religious/SpiritualCommunityReligiousSocial
Farm Bonfire and Hang-out,SocialCommunityEnvironmentEnvironmental JusticeFree Food
Duke Debate Exec meeting,StudentDebate
PHEAL GBM HYBRID,Student
Coloring and Coffee on East Campus,Health/WellnessArtDrawingDuWellMindfulnessMoments of MindfulnessWellness
Chat with John Bokman,Student
Help Desk Alumni Panel,Alumni/ReunionsWellness
Comet Watch Party,Social
NDLOVU YOUTH CHOIR,StudentArtMusic
ENCounter Large Group,Religious/SpiritualFunMusicSocialSpritual/ReligiousWellness
Out of the Blue Rehearsal,StudentA Capella
Duke Rotaract GBM,Student
Duke Aviators Learn to Fly,StudentAviationEngineeringFree
Duke Aviators Learn to Fly,StudentAviationEngineeringFree
Agapé Bible Study,Religious/Spiritual
Duke Debate Practice,StudentDebate
Women's Empowerment at Duke GBM,StudentFemale-IdentifyingSocial
ASA x Mi Gente Fall Formal,StudentAdvocacyAsian AmericanLatinxUndergraduate Students
Vinyasa Yoga,Health/WellnessDuWellMindfulnessMoments of MindfulnessWellness - Mind-Body
Weekly Jumu'ah Service HYBRID,Religious/SpiritualCMLMuslim
Global Grocery: Compare Foods,Health/WellnessFoodFreeGraduate StudentsInternational StudentsUndergraduate Students
Restorative Yoga on East Campus,Health/WellnessDuWellMindfulnessMoments of MindfulnessRestorativeWellness - Mind-Body
Zine-Making Kickback,SocialArtCommunityCSGDLGBTQIA Moments of MindfulnessSocial
Dance Class at Emily K Center,Workshop/Short CourseDanceVolunteer
Best Buddies Thanksgiving Party,Social
dPS Mixer for Student Service Organizations,Social
Open Pickleball Practice [Hosted by Duke Club Pickleball],SocialCommunityFunHealth/WellnessRecreation/CompetitionSocial
E-Social,Student
DukeLIFE Awareness Dinner,Social
Shabbat with Jewish Life at Duke,Religious/SpiritualFree FoodJewishReligious
Diwali Night 2023,Multicultural/IdentityCulturalIndian
Stargazing Devils Sci-Fi Movie Watch Party,Social
MSA Ice Skating,Student
Friday Stargazing Open House,Student
Primland Clays Trip,StudentTravel
2023 ACF Winter,Student
ENC Field Trip to Carowinds,SocialFunSocialWellness - Spiritual
Volunteer Shelter Trips,StudentAnimalsVolunteer
Hoof 'n' Horn Fall GBM,StudentMusicalTheatre
Culture & Cuisine: Museum Tour with a Twist,TourArtDiversity FreeFree FoodGraduate StudentsProfessional Students
FEMMES+ Saturday Program,Student
Lazer Tag Event,Multicultural/IdentityRecreation/Competition
Hike + camping,Health/Wellness
Dr. Heather Holleman Speech,Religious/SpiritualReligious
Bob Ross Painting Workshop,DUUArtDUUFreeVisArts
HP Random Dance Party 2.0,StudentDance
Devils After Dark: De-Stress Pinterest Night,SocialFunWellnessWellness - Social
Inside Joke: Flamin' Hot Newbies,StudentArtComedyFreePerformanceStudent
Reg Bloor,Concert/MusicDUU
DCAPxEyeServe Pickleball Tournament,StudentSports
Pickleball Tournament,SocialClass of 2023Class of 2024Class of 2025Class of 2026Club SportsCompetitionFunGamesRecreation/CompetitionSocialSportsStudent
Christians On Campus Sunday Gathering,Religious/Spiritual
First Semester MMA Practice,Health/WellnessSports
Weekly Sunday Bagel Brunch,SocialFoodFree FoodJewish
Neurocare Student Outreach Meeting,Social
Catalyst General Body Meeting,Student
Duke Amnesty International Letter-Writing Party,StudentActivismAdvocacyHuman RightsWriting
DIFF/ Duke Film Club GBM,StudentArtFilmMixed MediaMovieStudent
Moot Court GBMs,StudentDebateLaw
Open Pickleball Practice [Hosted by Duke Club Pickleball],SocialCommunityFunHealth/WellnessRecreation/CompetitionSocial
Investment Club GBM,Student
Body Banter (Body Empowerment Project) GBM,SocialActivismAdvocacyCommunityDestressFundraiserMentalHealthMindfulnessRelaxationVolunteerWellness
Simple Charity Chapter Meeting,Religious/Spiritual
Baking and Fellowship with Duke Simple Charity,Religious/SpiritualFoodFreeFree FoodFun
FORM GBM Meetings,StudentArt
FORM GBM Meetings,StudentArt
TRC Practice,Social
Environmental Alliance GBM,StudentAdvocacyEnvironmentSustainability
Environmental Alliance GBM,StudentAdvocacyEnvironmentSustainability
Duke BioByte General Body Meeting,Social
Investment Club ITP,Student
Puppy Playtime with Duke Paws,Health/WellnessDuWellMindfulnessMoments of MindfulnessWellness
BOW Exec Meeting,Student
Duke Quiz Bowl Practice,StudentFun
Simple Charity Chapter Meeting,Religious/Spiritual
Duke STEM Connect Escape Room Social,StudentEscape RoomSTEM
Duke STEM Connect GBM,StudentEducationSTEM
BSA African Diaspora Thanksgiving Feast,StudentAfricanBIPOCBlackCaribbeanMary Lou Williams CenterSocial
Social Security Drop-Offs,SocialCaribbeanGraduate StudentsInternational StudentsUndergraduate Students
Hatha Yoga in the Wellness Center,Health/WellnessDuWellMindfulnessMoments of MindfulnessWellness - Mind-Body
Hatha Yoga in the Wellness Center,Health/WellnessDuWellMindfulnessMoments of MindfulnessWellness - Mind-Body
Sydney and Angelica Midweek,Student
Presidents Roundtable - Next Level Leadership,Workshop/Short CourseNext Level Leadership
Crafting in the Wellness Center,Health/WellnessCraftsmanshipDuWellMindfulnessMoments of Mindfulness
Crafting on East Campus,Health/WellnessCraftsmanshipDuWellHealth/WellnessMindfulnessMoments of Mindfulness
Open Pickleball Practice [Hosted by Duke Club Pickleball],SocialCommunityFunHealth/WellnessRecreation/CompetitionSocial
Cru Freshmen Girls Life Group,Religious/SpiritualCommunityReligiousSocial
Personal Finance: What Every College Graduate Needs to Know,Panel/Seminar/Colloqium
Figure Drawing Workshop,DUUDUUVisArts
ASCE Graduate School Panel,StudentEngineering
American Sign Language Lesson,Lecture/Talk
Cooking Dinner for Families Moving Forward,Student
GlobeMed GBM,Student
GlobeMed GBM,Health/WellnessGlobal HealthPre-MedSTEMVolunteer
Duke Presidential Ambassadors November Info Session,Student
Duke Drone Racing Meeting,StudentCommunityEngineeringRecreation/CompetitionSTEMTechnology
Jessica & Leon's Freshman Small Group,Religious/Spiritual
Judy & Caleb's Upperclassman Small Group,Religious/Spiritual
Leadership Development Program,Panel/Seminar/Colloqium
Leadership Development Program,Panel/Seminar/Colloqium
Out of the Blue Rehearsal,StudentA Capella
Fajr Breakfast Club,Religious/SpiritualCMLMuslim
dPS Fellows StudentU Volunteering,Student
Birding for Mindfulness,Health/WellnessDuWellMindfulnessMoments of MindfulnessWellness - Environmental
Meditative Art in the Wellness Center,Health/WellnessArtDuWellMindfulnessMoments of MindfulnessWellnessWellness - Mind-Body
Meditation Practices in the Wellness Center,Health/WellnessDuWellMeditationMindfulnessMoments of Mindfulness
Meditation Practices in the Wellness Center,Health/WellnessDuWellMeditationMindfulnessMoments of Mindfulness
Global Conversations in The Wellness Center,Health/WellnessDuWellHealth/WellnessMoments of MindfulnessWellnessWellness - Social
Global Conversations in the Wellness Center,Lecture/TalkMoments of Mindfulness
DSC Session at Hillside High School,Student
DSC Session at Hillside High School,Student
DSC Session at Hillside High School,Student
Brushed Calligraphy on East Campus,Health/WellnessDuWellMindfulnessMoments of MindfulnessWellness
Restorative Yoga in the Wellness Center,Health/WellnessDuWellMindfulnessMoments of MindfulnessRestorativeWellness - Mind-Body
Hanging with Helpful Humans,StudentAcademic GuidesAdvisingCareerClass of 2025Class of 2026CSGDDuWellFree FoodHealth/WellnessHidden CurriculumInternational StudentsMary Lou Williams CenterOuting ClubRecreation/CompetitionSophomore Year ExperienceWellness - FinancialWellness - IntellectualWellness - SocialWellness - Spiritual
Karsh Conversations: Navigating Self-Awareness For Career Clarity,Panel/Seminar/ColloqiumCareerFirst Year ExperienceNetworkingSophomoresUndergraduate Students
Investment Club HSP Event,Student
KitabConnect HYBRID,Religious/SpiritualMuslim
Rez Dogs Watch Party,Multicultural/Identity
Black Femme Dinner,SocialBlackFemale-IdentifyingFree FoodMary Lou Williams CenterNetworkingSocialWomen's Center
Study Away Mixer,SocialFree FoodStudentStudy Abroad
Guest Speaker: Dr. Nat Malkus on Learning Loss and the Pandemic,Lecture/TalkEducationPolicyPolitics
Ellen Meade Speaker Event,Lecture/Talk
Personal Finance with MI Gente,StudentAdvisingAdvocacyCulturalFGLIFree FoodHealth/Wellness
Women in Science Now: A Book Talk with Lisa Munoz,Lecture/TalkDiversity Female-IdentifyingGraduate StudentsNetworking
Medicine Man Screening,Student
Briceida Lemos: Peace on the Land,Multicultural/IdentityAdvocacyHuman RightsLatinx
DQF Bootcamp,Workshop/Short Course
Scale and Coin NME Teach-in,Student
Duke LBO General Body Meeting,Multicultural/Identity
Naomie & Austin's Freshman Small Group,Religious/Spiritual
RUF Large Group,Religious/SpiritualReligiousSpritual/Religious
WiT Weekly Meetings,Student
Duke Cyber Policy Track Meeting,Student
Stargazing Devils Exec Meeting,Panel/Seminar/Colloqium
Fajr Breakfast Club,Religious/SpiritualCMLMuslim
dPS Fellows StudentU Volunteering,Student
DSC Session at Rogers-Herr Middle School,Student
Origami With Music on East Campus,Health/WellnessArtDuWellMindfulnessMoments of MindfulnessWellness
TeaGather with CommuniTEA,Health/WellnessDuWellMindfulnessMoments of MindfulnessWellness - Social
DSC Session at Durham School of Technology After School Club,Student
Wellness Walk on East Campus,Health/WellnessDuWellMindfulnessMoments of MindfulnessWellnessWellness - Mind-Body
"""Braiding Sweetgrass"": Native American Heritage Month Cultural Zine Workshop",Multicultural/IdentityArtBIPOCCMAFree FoodNative American Heritage MonthUndergraduate Students
EV Mobility Panel,Student
PIHE GBM,Student
Knitting in the Student Wellness Center Oasis,Health/WellnessCraftsmanshipDuWellMindfulnessMoments of MindfulnessWellness - Mind-BodyWellness - Social
Paint & Sip with The Connection Project,SocialFirst Year ExperiencePaintingWellness
Drum Circle in the Wellness Center,Health/WellnessDuWellMindfulnessMoments of MindfulnessWellness - Mind-Body
Duke Climate Coalition GBM,StudentEnvironment
Paint Night on East Campus,Health/WellnessArtDuWellMindfulnessMoments of MindfulnessPaintingWellness
DUST Weekly Workshop,Workshop/Short CourseComedyDestressFreeFunPerformance
Duke Cyber Tech Track Meeting,Student
"Allen, Ann, Daniel & Lucy's Upperclassman Small Group",Religious/Spiritual
DSG Senate,Student
Cru Weekly Meetings,Religious/SpiritualCommunitySpritual/Religious
Technical Workshop,Workshop/Short Course
PCM+ Bible Study,Religious/SpiritualReligious
Alexander Hamilton Society GBM,StudentForeign Policy
Jazz@ The Mary Lou @Krafthouse,DUUDUUMusic
dPS Fellows StudentU Volunteering,Student
ThrowDown Thursday,StudentBlackFoodGraduate StudentsMary Lou Williams CenterProfessional Students
"PRIDE Foundational Training 4: On Our Story: Past, Present and Future",Workshop/Short CourseCSGDIdentityLGBTQIA Next Level LeadershipTransgender
Trans 101 Training,Workshop/Short CourseCSGDIdentityLGBTQIA QTPOCTransgender
Grad/Prof Lunch with Kevin D'Arco,Lecture/TalkCommunityFree FoodGraduate StudentsNetworkingProfessional Students
Large group,Religious/Spiritual
Guided Meditation in the Wellness Center,Health/WellnessDuWellMeditationMindfulnessMoments of Mindfulness
Investment Club Dodge & Cox Event,Student
E-Social,Student
General Meeting,Student
General Meeting,Student
Restorative Yoga in the Wellness Center,Health/WellnessDuWellMindfulnessMoments of MindfulnessRestorativeWellness - Mind-Body
Swift Farmer's Market,House/Quad Council
Jackson Office Hours,Student
Sleight of Hand in the Student Wellness Center Oasis,Health/WellnessDuWellMindfulnessMoments of MindfulnessWellness - Social
Faculty Seminar Series,Lecture/Talk
Duke Quiz Bowl Practice,StudentFun
Duke Quiz Bowl Practice,StudentFun
Duke Quiz Bowl Practice,StudentFun
Creative Writing,Health/WellnessCreative WritingDuWellMoments of MindfulnessWellness
DQF Education Bootcamp Class 2,Lecture/Talk
Agapé Christian Graduate/Professional Students Bible Study,Religious/SpiritualReligiousSpritual/Religious
Cru Freshmen Girls Life Group,Religious/SpiritualCommunityReligiousSocial
Cru Freshmen Girls Life Group,Religious/SpiritualCommunityReligiousSocial
Duke Chinese Theater Fall 2023 Performance: Goodbye Mr. Loser,StudentChinaTheatre
Duke Debate Exec meeting,StudentDebate
Jamie Harris and Trevor Watts Duo,Concert/MusicDUU
Coloring and Coffee on East Campus,Health/WellnessArtDrawingDuWellMindfulnessMoments of MindfulnessWellness
New Member Presentation,StudentGreek Life
"Duke Wind Symphony: Famishius Fantasticus, with guest composer Michael Markowski",Concert/Music
ENCounter Large Group,Religious/SpiritualFunMusicSocialSpritual/ReligiousWellness
Out of the Blue Rehearsal,StudentA Capella
Duke Rotaract GBM,Student
Duke Aviators Learn to Fly,StudentAviationEngineeringFree
Duke Aviators Learn to Fly,StudentAviationEngineeringFree
Agapé Bible Study,Religious/Spiritual
Duke Debate Practice,StudentDebate
Duke@Nite: Teen Drama Trivia,DUUFunSocialTrivia
Cristo Rey Tutoring,Student
Vinyasa Yoga,Health/WellnessDuWellMindfulnessMoments of MindfulnessWellness - Mind-Body
Weekly Jumu'ah Service HYBRID,Religious/SpiritualCMLMuslim
Global Grocery: Al Taiba Halal Market,Health/WellnessFoodFreeGraduate StudentsInternational StudentsUndergraduate Students
Restorative Yoga on East Campus,Health/WellnessDuWellMindfulnessMoments of MindfulnessRestorativeWellness - Mind-Body
Tea and Plant Kickback,Multicultural/IdentityCommunityCSGDLGBTQIA RelaxationSelf CareWellness - Social
Dance Class at Emily K Center,Workshop/Short CourseDanceVolunteer
Open Pickleball Practice [Hosted by Duke Club Pickleball],SocialCommunityFunHealth/WellnessRecreation/CompetitionSocial
E-Social,Student
Continent Connection: African Graduate Student Meet n Greet,Social
Duke Chinese Theater Fall 2023 Performance: Goodbye Mr. Loser,StudentChinaTheatre
Friday Stargazing Open House,Student
Rise Against Hunger Volunteering,StudentVolunteer
Durham Rescue Mission Dinner,Religious/Spiritual
ENC Thanksgiving Potluck,Multicultural/IdentityCooking ClassDiversity FoodFree FoodSelf CareWellness - SocialWellness - Spiritual
All-Star Talent Show,StudentA CapellaDanceFundraiser
JANICE CARISSA,StudentArtMusic
DUST Fall Showcase,StudentComedyPerformance
ASA Converge Showcase 2024 Auditions,Multicultural/IdentityA CapellaArtAsian AmericanCulturalDanceFilmTheatre
Christians On Campus Sunday Gathering,Religious/Spiritual
First Semester MMA Practice,Health/WellnessSports
Weekly Sunday Bagel Brunch,SocialFoodFree FoodJewish
BRUNCHANE,House/Quad CouncilEntertainmentFoodSelf CareSocial
Open Pickleball Practice [Hosted by Duke Club Pickleball],SocialCommunityFunHealth/WellnessRecreation/CompetitionSocial
Simple Charity Chapter Meeting,Religious/Spiritual
TRC Practice,Social
Duke BioByte General Body Meeting,Social
BOW Exec Meeting,Student
Duke Quiz Bowl Practice,StudentFun
Simple Charity Chapter Meeting,Religious/Spiritual
Duke STEM Connect GBM,StudentEducationSTEM
DSC Session at Lowe's Grove,Student
Cristo Rey Tutoring,Student
Sydney and Angelica Midweek,Student
Technical Workshop: Production Scheduling,Workshop/Short CourseFreeTheatre
Crafting on East Campus,Health/WellnessCraftsmanshipDuWellHealth/WellnessMindfulnessMoments of Mindfulness
Open Pickleball Practice [Hosted by Duke Club Pickleball],SocialCommunityFunHealth/WellnessRecreation/CompetitionSocial
Dinner and Discussions Workshop: The Red Justice Project,Workshop/Short CourseAdvocacyFree FoodGender Violence PreventionHuman RightsNative American Heritage MonthWomen's Center
Help Desk Seminar with Katie Huber from Duke Margolis,Lecture/Talk
American Sign Language Lesson,Lecture/Talk
GlobeMed GBM,Student
GlobeMed GBM,Health/WellnessGlobal HealthPre-MedSTEMVolunteer
Duke Drone Racing Meeting,StudentCommunityEngineeringRecreation/CompetitionSTEMTechnology
Jessica & Leon's Freshman Small Group,Religious/Spiritual
Judy & Caleb's Upperclassman Small Group,Religious/Spiritual
Out of the Blue Rehearsal,StudentA Capella
dPS Fellows StudentU Volunteering,Student
DSC Session at Hillside High School,Student
DSC Session at Hillside High School,Student
DSC Session at Hillside High School,Student
Hanging with Helpful Humans,StudentAcademic GuidesAdvisingCareerClass of 2025Class of 2026CSGDDuWellFree FoodHealth/WellnessHidden CurriculumInternational StudentsMary Lou Williams CenterOuting ClubRecreation/CompetitionSophomore Year ExperienceWellness - FinancialWellness - IntellectualWellness - SocialWellness - Spiritual
Rez Dogs Watch Party,Multicultural/IdentityClass of 2023Class of 2024Class of 2025Class of 2026Native American Heritage Month
DQF Bootcamp,Workshop/Short Course
WiT Weekly Meetings,Student
Duke Cyber Policy Track Meeting,Student
Stargazing Devils Exec Meeting,Panel/Seminar/Colloqium
dPS Fellows StudentU Volunteering,Student
SHAPE GBM,StudentActivism
DSC Session at Durham School of Technology After School Club,Student
DUST Weekly Workshop,Workshop/Short CourseComedyDestressFreeFunPerformance
Duke Cyber Tech Track Meeting,Student
Cru Weekly Meetings,Religious/SpiritualCommunitySpritual/Religious
Alexander Hamilton Society Abdullah Antepli Fellowship Meeting,Lecture/Talk
SHAPE GBM,StudentActivism
dPS Fellows StudentU Volunteering,Student
E-Social,Student
General Meeting,Student
General Meeting,Student
Jackson Office Hours,Student
Duke Quiz Bowl Practice,StudentFun
Duke Quiz Bowl Practice,StudentFun
Duke Quiz Bowl Practice,StudentFun
Cristo Rey Tutoring,Student
E-Social,Student
Christians On Campus Sunday Gathering,Religious/Spiritual
First Semester MMA Practice,Health/WellnessSports
Neurocare Student Outreach Meeting,Social
Catalyst General Body Meeting,Student
Moot Court GBMs,StudentDebateLaw
Investment Club GBM,Student
Simple Charity Chapter Meeting,Religious/Spiritual
FORM GBM Meetings,StudentArt
FORM GBM Meetings,StudentArt
TRC Practice,Social
Environmental Alliance GBM,StudentAdvocacyEnvironmentSustainability
Environmental Alliance GBM,StudentAdvocacyEnvironmentSustainability
Duke BioByte General Body Meeting,Social
Investment Club ITP,Student
BOW Exec Meeting,Student
Duke Quiz Bowl Practice,StudentFun
Simple Charity Chapter Meeting,Religious/Spiritual
Duke STEM Connect GBM,StudentEducationSTEM
Social Security Drop-Offs,SocialCaribbeanGraduate StudentsInternational StudentsUndergraduate Students
Cristo Rey Tutoring,Student
Hatha Yoga in the Wellness Center,Health/WellnessDuWellMindfulnessMoments of MindfulnessWellness - Mind-Body
Hatha Yoga in the Wellness Center,Health/WellnessDuWellMindfulnessMoments of MindfulnessWellness - Mind-Body
Sydney and Angelica Midweek,Student
Crafting in the Wellness Center,Health/WellnessCraftsmanshipDuWellMindfulnessMoments of Mindfulness
Cru Freshmen Girls Life Group,Religious/SpiritualCommunityReligiousSocial
Figure Drawing Workshop,DUUDUUVisArts
GlobeMed GBM,Student
GlobeMed GBM,Health/WellnessGlobal HealthPre-MedSTEMVolunteer
Duke Drone Racing Meeting,StudentCommunityEngineeringRecreation/CompetitionSTEMTechnology
Judy & Caleb's Upperclassman Small Group,Religious/Spiritual
Out of the Blue Rehearsal,StudentA Capella
Fajr Breakfast Club,Religious/SpiritualCMLMuslim
dPS Fellows StudentU Volunteering,Student
Birding for Mindfulness,Health/WellnessDuWellMindfulnessMoments of MindfulnessWellness - Environmental
DMSLC: November 28 Meeting HYBRID,Lecture/TalkFree Food
Meditative Art in the Wellness Center,Health/WellnessArtDuWellMindfulnessMoments of MindfulnessWellnessWellness - Mind-Body
Meditation Practices in the Wellness Center,Health/WellnessDuWellMeditationMindfulnessMoments of Mindfulness
Meditation Practices in the Wellness Center,Health/WellnessDuWellMeditationMindfulnessMoments of Mindfulness
Global Conversations in The Wellness Center,Health/WellnessDuWellHealth/WellnessMoments of MindfulnessWellnessWellness - Social
Global Conversations in the Wellness Center,Lecture/TalkMoments of Mindfulness
DSC Session at Hillside High School,Student
DSC Session at Hillside High School,Student
DSC Session at Hillside High School,Student
Restorative Yoga in the Wellness Center,Health/WellnessDuWellMindfulnessMoments of MindfulnessRestorativeWellness - Mind-Body
Elliot Wong Speaker Event,Lecture/Talk
KitabConnect HYBRID,Religious/SpiritualMuslim
"Guest Speaker: Dr. Arthur Laffer, ""The Father of Supply Side Economics""",Lecture/TalkPolicyPolitics
DQF Bootcamp,Workshop/Short Course
Pre-Dental Society- GBM,Student
Duke LBO General Body Meeting,Multicultural/Identity
Pieces of Me,Multicultural/Identity
Naomie & Austin's Freshman Small Group,Religious/Spiritual
RUF Large Group,Religious/SpiritualReligiousSpritual/Religious
WiT Weekly Meetings,Student
Duke Cyber Policy Track Meeting,Student
Stargazing Devils Exec Meeting,Panel/Seminar/Colloqium
Fajr Breakfast Club,Religious/SpiritualCMLMuslim
dPS Fellows StudentU Volunteering,Student
DSC Session at Rogers-Herr Middle School,Student
Pronoun Primer Training,Workshop/Short CourseCSGDLGBTQIA
TeaGather with CommuniTEA,Health/WellnessDuWellMindfulnessMoments of MindfulnessWellness - Social
DSC Session at Durham School of Technology After School Club,Student
Redefining Leadership - Next Level Leadership,Workshop/Short CourseNext Level Leadership
DuWell Paint Night in the Student Wellness Center,Health/WellnessMoments of Mindfulness
PIHE GBM,Student
Knitting in the Student Wellness Center Oasis,Health/WellnessCraftsmanshipDuWellMindfulnessMoments of MindfulnessWellness - Mind-BodyWellness - Social
Drum Circle in the Wellness Center,Health/WellnessDuWellMindfulnessMoments of MindfulnessWellness - Mind-Body
Duke Cru Worship Night,Religious/Spiritual
Duke Climate Coalition GBM,StudentEnvironment
dPS Fellowship Meeting,StudentActivismAdvocacyVolunteer
Paint Night on East Campus,Health/WellnessArtDuWellMindfulnessMoments of MindfulnessPaintingWellness
DUST Weekly Workshop,Workshop/Short CourseComedyDestressFreeFunPerformance
Duke Cyber Tech Track Meeting,Student
"Allen, Ann, Daniel & Lucy's Upperclassman Small Group",Religious/Spiritual
DSG Senate,Student
Cru Weekly Meetings,Religious/SpiritualCommunitySpritual/Religious
Technical Workshop,Workshop/Short Course
PCM+ Bible Study,Religious/SpiritualReligious
Alexander Hamilton Society GBM,StudentForeign Policy
Jazz@ The Mary Lou @Krafthouse,DUUDUUMusic
dPS Fellows StudentU Volunteering,Student
Christians On Campus Sunday Gathering,Religious/Spiritual
Large group,Religious/Spiritual
Guided Meditation in the Wellness Center,Health/WellnessDuWellMeditationMindfulnessMoments of Mindfulness
E-Social,Student
General Meeting,Student
General Meeting,Student
Restorative Yoga in the Wellness Center,Health/WellnessDuWellMindfulnessMoments of MindfulnessRestorativeWellness - Mind-Body
Sleight of Hand in the Student Wellness Center Oasis,Health/WellnessDuWellMindfulnessMoments of MindfulnessWellness - Social
Duke Quiz Bowl Practice,StudentFun
Duke Quiz Bowl Practice,StudentFun
Duke Quiz Bowl Practice,StudentFun
Creative Writing,Health/WellnessCreative WritingDuWellMoments of MindfulnessWellness
DQF Education Bootcamp Class 2,Lecture/Talk
Agapé Christian Graduate/Professional Students Bible Study,Religious/SpiritualReligiousSpritual/Religious
Cru Freshmen Girls Life Group,Religious/SpiritualCommunityReligiousSocial
Cru Freshmen Girls Life Group,Religious/SpiritualCommunityReligiousSocial
Duke Debate Exec meeting,StudentDebate
Jazz@ Wellness Center,Concert/MusicDUUDuWellMoments of MindfulnessMusicWellness - Social
PHEAL GBM HYBRID,Student
Large Group,Religious/Spiritual
DUU VisArts Hot Chocolate and Cookie Decorating,DUUArtFree FoodRelaxation
ENCounter Large Group,Religious/SpiritualFunMusicSocialSpritual/ReligiousWellness
Out of the Blue Rehearsal,StudentA Capella
Duke Rotaract GBM,Student
Duke Aviators Learn to Fly,StudentAviationEngineeringFree
Duke Aviators Learn to Fly,StudentAviationEngineeringFree
Tenting Info Session (East Campus),StudentInformation SessionSports
Agapé Bible Study,Religious/Spiritual
Duke Debate Practice,StudentDebate
CMA First Friday Breakfast,SocialCMACulturalFree FoodSocial
Global Cafe,SocialEnvironmentGraduate StudentsSocialUndergraduate StudentsWellness
Cristo Rey Tutoring,Student
Vinyasa Yoga,Health/WellnessDuWellMindfulnessMoments of MindfulnessWellness - Mind-Body
First Friday,StudentBlackFacultyFoodGraduate StudentsMary Lou Williams CenterProfessional StudentsUndergraduate Students
Weekly Jumu'ah Service HYBRID,Religious/SpiritualCMLMuslim
Global Grocery: Li Ming's Global Mart,Health/WellnessFoodFreeGraduate StudentsInternational StudentsUndergraduate Students
Dance Class at Emily K Center,Workshop/Short CourseDanceVolunteer
Open Pickleball Practice [Hosted by Duke Club Pickleball],SocialCommunityFunHealth/WellnessRecreation/CompetitionSocial
E-Social,Student
Shabbat with Jewish Life at Duke,Religious/SpiritualFree FoodJewishReligious
Devils en Pointe Presents the Nutcracker!,StudentBalletDanceFree
Duke Diya Awaaz 2023,Concert/Music
Little Big Show,Concert/MusicComedy
Friday Stargazing Open House,Student
Volunteer Shelter Trips,StudentAnimalsVolunteer
Durham Rescue Mission Dinner,Religious/Spiritual
United in Praise Winter Concert,Concert/MusicBlackChoirMary Lou Williams CenterMusicSinging
Devils After Dark: Finals Fuel Grocery Bingo,SocialFreeFree FoodFunGames
Devils en Pointe Presents the Nutcracker!,StudentBalletDanceFree
Duke Diya Awaaz 2023,Concert/Music
Christians On Campus Sunday Gathering,Religious/Spiritual
First Semester MMA Practice,Health/WellnessSports
Weekly Sunday Bagel Brunch,SocialFoodFree FoodJewish
BRUNCHANE,House/Quad CouncilEntertainmentFoodSelf CareSocial
BRUNCHANE,House/Quad CouncilEntertainmentFoodSelf CareSocial
Neurocare Student Outreach Meeting,Social
Duke Amnesty International Meeting,StudentActivismAdvocacyHuman Rights
DIFF/ Duke Film Club GBM,StudentArtFilmMixed MediaMovieStudent
Moot Court GBMs,StudentDebateLaw
Last in the Class Performance,Concert/MusicArtEntertainmentFreeMusicMusicalPerformanceSingingTheatre
NPHC General Body Meeting,StudentBlackGreek Life
Investment Club GBM,Student
Body Banter (Body Empowerment Project) GBM,SocialActivismAdvocacyCommunityDestressFundraiserMentalHealthMindfulnessRelaxationVolunteerWellness
Simple Charity Chapter Meeting,Religious/Spiritual
FORM GBM Meetings,StudentArt
FORM GBM Meetings,StudentArt
TRC Practice,Social
Environmental Alliance GBM,StudentAdvocacyEnvironmentSustainability
Environmental Alliance GBM,StudentAdvocacyEnvironmentSustainability
Duke BioByte General Body Meeting,Social
Investment Club ITP,Student
Puppy Playtime with Duke Paws,Health/WellnessDuWellMindfulnessMoments of MindfulnessWellness
Duke Quiz Bowl Practice,StudentFun
Simple Charity Chapter Meeting,Religious/Spiritual
Duke STEM Connect GBM,StudentEducationSTEM
DSC Session at Lowe's Grove,Student
Cristo Rey Tutoring,Student
Hatha Yoga in the Wellness Center,Health/WellnessDuWellMindfulnessMoments of MindfulnessWellness - Mind-Body
Hatha Yoga in the Wellness Center,Health/WellnessWellness - Mind-Body
Grad/Prof Lunch with Natalie Jones,Lecture/TalkCommunityFree FoodGraduate StudentsNetworkingProfessional Students
Sydney and Angelica Midweek,Student
Crafting in the Wellness Center,Health/WellnessCraftsmanshipDuWellMindfulnessMoments of Mindfulness
Cru Freshmen Girls Life Group,Religious/SpiritualCommunityReligiousSocial
Figure Drawing Workshop,DUUDUUVisArts
GlobeMed GBM,Student
Duke Drone Racing Meeting,StudentCommunityEngineeringRecreation/CompetitionSTEMTechnology
Jessica & Leon's Freshman Small Group,Religious/Spiritual
Judy & Caleb's Upperclassman Small Group,Religious/Spiritual
Out of the Blue Rehearsal,StudentA Capella
Fajr Breakfast Club,Religious/SpiritualCMLMuslim
dPS Fellows StudentU Volunteering,Student
Birding for Mindfulness,Health/WellnessDuWellMindfulnessMoments of MindfulnessWellness - Environmental
Meditative Art in the Wellness Center,Health/WellnessArtDuWellMindfulnessMoments of MindfulnessWellnessWellness - Mind-Body
Meditation Practices in the Wellness Center,Health/WellnessDuWellMeditationMindfulnessMoments of Mindfulness
Meditation Practices in the Wellness Center,Health/Wellness
Global Conversations in The Wellness Center,Health/WellnessDuWellHealth/WellnessMoments of MindfulnessWellnessWellness - Social
Global Conversations in the Wellness Center,Lecture/TalkMoments of Mindfulness
11TH ORGAN I,StudentArt
DSC Session at Hillside High School,Student
DSC Session at Hillside High School,Student
DSC Session at Hillside High School,Student
Restorative Yoga in the Wellness Center,Health/WellnessDuWellMindfulnessMoments of MindfulnessRestorativeWellness - Mind-Body
Environmental Policy with Duke Energy,Student
Officer Transitions - Next Level Leadership,Workshop/Short CourseNext Level Leadership
KitabConnect HYBRID,Religious/SpiritualMuslim
DQF Bootcamp,Workshop/Short Course
Duke LBO General Body Meeting,Multicultural/Identity
Naomie & Austin's Freshman Small Group,Religious/Spiritual
RUF Large Group,Religious/SpiritualReligiousSpritual/Religious
WiT Weekly Meetings,Student
Duke Cyber Policy Track Meeting,Student
Fajr Breakfast Club,Religious/SpiritualCMLMuslim
dPS Fellows StudentU Volunteering,Student
SHAPE GBM,StudentActivism
Reconnecting After Trust has been Tested: Techniques for Effective Communication and Relationship Building,Workshop/Short Course
TeaGather with CommuniTEA,Health/WellnessDuWellMindfulnessMoments of MindfulnessWellness - Social
DSC Session at Durham School of Technology After School Club,Student
PIHE GBM,Student
Knitting in the Student Wellness Center Oasis,Health/WellnessCraftsmanshipDuWellMindfulnessMoments of MindfulnessWellness - Mind-BodyWellness - Social
Drum Circle in the Wellness Center,Health/WellnessDuWellMindfulnessMoments of MindfulnessWellness - Mind-Body
Duke Medical Ethics Journal GBM,Student
Duke Climate Coalition GBM,StudentEnvironment
SCOHP GBM,StudentHealth Policy
dPS Fellowship Meeting,StudentActivismAdvocacyVolunteer
DUST Weekly Workshop,Workshop/Short CourseComedyDestressFreeFunPerformance
Duke Cyber Tech Track Meeting,Student
"Allen, Ann, Daniel & Lucy's Upperclassman Small Group",Religious/Spiritual
DSG Senate,Student
DSO Concert 2: Music Of The Soul,Concert/MusicMusic
Cru Weekly Meetings,Religious/SpiritualCommunitySpritual/Religious
Technical Workshop,Workshop/Short Course
PCM+ Bible Study,Religious/SpiritualReligious
Alexander Hamilton Society Abdullah Antepli Fellowship Meeting,Lecture/Talk
SHAPE GBM,StudentActivism
dPS Fellows StudentU Volunteering,Student
Large group,Religious/Spiritual
Science and faith reading group,Student
Guided Meditation in the Wellness Center,Health/WellnessDuWellMeditationMindfulnessMoments of Mindfulness
E-Social,Student
General Meeting,Student
General Meeting,Student
Jackson Office Hours,Student
Sleight of Hand in the Student Wellness Center Oasis,Health/WellnessDuWellMindfulnessMoments of MindfulnessWellness - Social
Blue and White Holiday Party,Student
Duke Quiz Bowl Practice,StudentFun
Duke Quiz Bowl Practice,StudentFun
Duke Quiz Bowl Practice,StudentFun
Creative Writing,Health/WellnessCreative WritingDuWellMoments of MindfulnessWellness
DQF Education Bootcamp Class 2,Lecture/Talk
Agapé Christian Graduate/Professional Students Bible Study,Religious/SpiritualReligiousSpritual/Religious
Cru Freshmen Girls Life Group,Religious/SpiritualCommunityReligiousSocial
Cru Freshmen Girls Life Group,Religious/SpiritualCommunityReligiousSocial
Duke Debate Exec meeting,StudentDebate
ENCounter Large Group,Religious/SpiritualFunMusicSocialSpritual/ReligiousWellness
Out of the Blue Rehearsal,StudentA Capella
Duke Aviators Learn to Fly,StudentAviationEngineeringFree
Duke Aviators Learn to Fly,StudentAviationEngineeringFree
Tenting Info Session (West Campus),StudentInformation SessionSports
THE KING’S SINGERS,StudentArtMusic
Agapé Bible Study,Religious/Spiritual
Duke Debate Practice,StudentDebate
Duke@NIte: Holiday Movie Trivia,DUUFunSocialTrivia
Black Duke Yearbook Portrait Session 2,Multicultural/Identity
Cristo Rey Tutoring,Student
Vinyasa Yoga,Health/WellnessDuWellMindfulnessMoments of MindfulnessWellness - Mind-Body
Weekly Jumu'ah Service HYBRID,Religious/SpiritualCMLMuslim
Dance Class at Emily K Center,Workshop/Short CourseDanceVolunteer
E-Social,Student
Shabbat with Jewish Life at Duke,Religious/SpiritualFree FoodJewishReligious
VIANO QUARTET,StudentArtMusic
First Semester MMA Practice,Health/WellnessSports
Weekly Sunday Bagel Brunch,SocialFoodFree FoodJewish
Catalyst General Body Meeting,Student
Simple Charity Chapter Meeting,Religious/Spiritual
FORM GBM Meetings,StudentArt
FORM GBM Meetings,StudentArt
TRC Practice,Social
Simple Charity Chapter Meeting,Religious/Spiritual
Duke STEM Connect GBM,StudentEducationSTEM
Social Security Drop-Offs,SocialCaribbeanGraduate StudentsInternational StudentsUndergraduate Students
Duke Drone Racing Meeting,StudentCommunityEngineeringRecreation/CompetitionSTEMTechnology
Out of the Blue Rehearsal,StudentA Capella
Fajr Breakfast Club,Religious/SpiritualCMLMuslim
dPS Fellows StudentU Volunteering,Student
DSC Session at Hillside High School,Student
DSC Session at Hillside High School,Student
DSC Session at Hillside High School,Student
KitabConnect HYBRID,Religious/SpiritualMuslim
Duke Cyber Policy Track Meeting,Student
Fajr Breakfast Club,Religious/SpiritualCMLMuslim
dPS Fellows StudentU Volunteering,Student
DSC Session at Rogers-Herr Middle School,Student
DSC Session at Durham School of Technology After School Club,Student
Duke Cyber Tech Track Meeting,Student
DMV Drop-Offs,SocialGraduate StudentsInternational StudentsUndergraduate Students
dPS Fellows StudentU Volunteering,Student
E-Social,Student
General Meeting,Student
Agapé Christian Graduate/Professional Students Bible Study,Religious/SpiritualReligiousSpritual/Religious
Out of the Blue Rehearsal,StudentA Capella
Weekly Jumu'ah Service HYBRID,Religious/SpiritualCMLMuslim
E-Social,Student
Friday Stargazing Open House,Student
Simple Charity Chapter Meeting,Religious/Spiritual
E-Social,Student
General Meeting,Student
E-Social,Student
E-Social,Student
General Meeting,Student
E-Social,Student
Fajr Breakfast Club,Religious/SpiritualCMLMuslim
Fajr Breakfast Club,Religious/SpiritualCMLMuslim
E-Social,Student
General Meeting,Student
Weekly Jumu'ah Service HYBRID,Religious/SpiritualCMLMuslim
E-Social,Student
Social Security Drop-Offs,SocialCaribbeanGraduate StudentsInternational StudentsUndergraduate Students
Fajr Breakfast Club,Religious/SpiritualCMLMuslim
Fajr Breakfast Club,Religious/SpiritualCMLMuslim
"Allen, Ann, Daniel & Lucy's Upperclassman Small Group",Religious/Spiritual
DMV Drop-Offs,SocialGraduate StudentsInternational StudentsUndergraduate Students
E-Social,Student
General Meeting,Student
Duke Debate Practice,StudentDebate
Weekly Jumu'ah Service HYBRID,Religious/SpiritualCMLMuslim
E-Social,Student
Christians On Campus Sunday Gathering,Religious/Spiritual
BRUNCHANE,House/Quad CouncilEntertainmentFoodSelf CareSocial
BRUNCHANE,House/Quad CouncilEntertainmentFoodSelf CareSocial
Jessica & Leon's Freshman Small Group,Religious/Spiritual
Judy & Caleb's Upperclassman Small Group,Religious/Spiritual
Fajr Breakfast Club,Religious/SpiritualCMLMuslim
KitabConnect HYBRID,Religious/SpiritualMuslim
Naomie & Austin's Freshman Small Group,Religious/Spiritual
Fajr Breakfast Club,Religious/SpiritualCMLMuslim
"Allen, Ann, Daniel & Lucy's Upperclassman Small Group",Religious/Spiritual
Large group,Religious/Spiritual
E-Social,Student
General Meeting,Student
Duke Debate Practice,StudentDebate
Weekly Jumu'ah Service HYBRID,Religious/SpiritualCMLMuslim
E-Social,Student
Escher String Quartet,Concert/MusicArtMusicPerformance
Christians On Campus Sunday Gathering,Religious/Spiritual
Social Security Drop-Offs,SocialCaribbeanGraduate StudentsInternational StudentsUndergraduate Students
Jessica & Leon's Freshman Small Group,Religious/Spiritual
Judy & Caleb's Upperclassman Small Group,Religious/Spiritual
Fajr Breakfast Club,Religious/SpiritualCMLMuslim
KitabConnect HYBRID,Religious/SpiritualMuslim
Naomie & Austin's Freshman Small Group,Religious/Spiritual
Fajr Breakfast Club,Religious/SpiritualCMLMuslim
"Allen, Ann, Daniel & Lucy's Upperclassman Small Group",Religious/Spiritual
Large group,Religious/Spiritual
Grad/Prof Spring Resource Fair,SocialCommunityEducationFreeGraduate StudentsInternational StudentsProfessional StudentsSupport and Resources
E-Social,Student
General Meeting,Student
Lost Dog: Juliet & Romeo,Concert/MusicComedyDancePerformance
Duke Debate Practice,StudentDebate
Hoof 'n' Horn presents: LITTLE SHOP OF HORRORS,StudentMusicalTheatre
Weekly Jumu'ah Service HYBRID,Religious/SpiritualCMLMuslim
E-Social,Student
Hoof 'n' Horn presents: LITTLE SHOP OF HORRORS,StudentMusicalTheatre
Lost Dog: Juliet & Romeo,Concert/MusicComedyDancePerformance
Hoof 'n' Horn presents: LITTLE SHOP OF HORRORS,StudentMusicalTheatre
Christians On Campus Sunday Gathering,Religious/Spiritual
BRUNCHANE,House/Quad CouncilEntertainmentFoodSelf CareSocial
BRUNCHANE,House/Quad CouncilEntertainmentFoodSelf CareSocial
Cookbook Club with Special Guest,Health/Wellness
Jessica & Leon's Freshman Small Group,Religious/Spiritual
Judy & Caleb's Upperclassman Small Group,Religious/Spiritual
Fajr Breakfast Club,Religious/SpiritualCMLMuslim
KitabConnect HYBRID,Religious/SpiritualMuslim
Naomie & Austin's Freshman Small Group,Religious/Spiritual
Fajr Breakfast Club,Religious/SpiritualCMLMuslim
"Allen, Ann, Daniel & Lucy's Upperclassman Small Group",Religious/Spiritual
Large group,Religious/Spiritual
E-Social,Student
Duke Debate Practice,StudentDebate
Hoof 'n' Horn presents: LITTLE SHOP OF HORRORS,StudentMusicalTheatre
Global Cafe,SocialEnvironmentGraduate StudentsSocialUndergraduate StudentsWellness
E-Social,Student
Hoof 'n' Horn presents: LITTLE SHOP OF HORRORS,StudentMusicalTheatre
Zlata Chochieva,Concert/Music
Hoof 'n' Horn presents: LITTLE SHOP OF HORRORS,StudentMusicalTheatre
Christians On Campus Sunday Gathering,Religious/Spiritual
Jessica & Leon's Freshman Small Group,Religious/Spiritual
Judy & Caleb's Upperclassman Small Group,Religious/Spiritual
Fajr Breakfast Club,Religious/SpiritualCMLMuslim
KitabConnect HYBRID,Religious/SpiritualMuslim
Naomie & Austin's Freshman Small Group,Religious/Spiritual
Fajr Breakfast Club,Religious/SpiritualCMLMuslim
"Allen, Ann, Daniel & Lucy's Upperclassman Small Group",Religious/Spiritual
DMV Drop-Offs,SocialGraduate StudentsInternational StudentsUndergraduate Students
Large group,Religious/Spiritual
DISCON Day #1,Panel/Seminar/Colloqium
E-Social,Student
Duke Debate Practice,StudentDebate
DISCON Day #2,Panel/Seminar/Colloqium
E-Social,Student
DISCON Day #3,Panel/Seminar/Colloqium
Academy of St Martin-in-the-Fields Winds Ensemble,Concert/Music
Christians On Campus Sunday Gathering,Religious/Spiritual
DISCON Day #4,Panel/Seminar/Colloqium
BRUNCHANE,House/Quad CouncilEntertainmentFoodSelf CareSocial
BRUNCHANE,House/Quad CouncilEntertainmentFoodSelf CareSocial
Super Bowl Watch Party,SocialReligious
Social Security Drop-Offs,SocialCaribbeanGraduate StudentsInternational StudentsUndergraduate Students
Jessica & Leon's Freshman Small Group,Religious/Spiritual
Fajr Breakfast Club,Religious/SpiritualCMLMuslim
KitabConnect HYBRID,Religious/SpiritualMuslim
Naomie & Austin's Freshman Small Group,Religious/Spiritual
Fajr Breakfast Club,Religious/SpiritualCMLMuslim
"Allen, Ann, Daniel & Lucy's Upperclassman Small Group",Religious/Spiritual
E-Social,Student
Large Group,Religious/Spiritual
Duke Debate Practice,StudentDebate
E-Social,Student
Dianne McIntyre Group: In the Same Tongue,Concert/MusicDance
Dianne McIntyre Group: In the Same Tongue,Concert/MusicDance
The Ciompi Quartet: Night Music,Concert/Music
Christians On Campus Sunday Gathering,Religious/Spiritual
The Marian Consort,Concert/Music
ASA Converge Showcase Tech Rehearsal,Multicultural/IdentityA CapellaArtAsian AmericanCulturalDanceTheatre
Jessica & Leon's Freshman Small Group,Religious/Spiritual
Judy & Caleb's Upperclassman Small Group,Religious/Spiritual
Fajr Breakfast Club,Religious/SpiritualCMLMuslim
KitabConnect HYBRID,Religious/SpiritualMuslim
Naomie & Austin's Freshman Small Group,Religious/Spiritual
Fajr Breakfast Club,Religious/SpiritualCMLMuslim
"Allen, Ann, Daniel & Lucy's Upperclassman Small Group",Religious/Spiritual
E-Social,Student
Large Group,Religious/Spiritual
An Evening with Gregory Porter at DPAC,Concert/Music
Duke Debate Practice,StudentDebate
E-Social,Student
Christians On Campus Sunday Gathering,Religious/Spiritual
BRUNCHANE,House/Quad CouncilEntertainmentFoodSelf CareSocial
BRUNCHANE,House/Quad CouncilEntertainmentFoodSelf CareSocial
Social Security Drop-Offs,SocialCaribbeanGraduate StudentsInternational StudentsUndergraduate Students
ASA Converge Showcase Dress Rehearsals,Multicultural/Identity
Jessica & Leon's Freshman Small Group,Religious/Spiritual
Judy & Caleb's Upperclassman Small Group,Religious/Spiritual
Fajr Breakfast Club,Religious/SpiritualCMLMuslim
KitabConnect HYBRID,Religious/SpiritualMuslim
Naomie & Austin's Freshman Small Group,Religious/Spiritual
Fajr Breakfast Club,Religious/SpiritualCMLMuslim
"Allen, Ann, Daniel & Lucy's Upperclassman Small Group",Religious/Spiritual
E-Social,Student
All of the Above Performances,Multicultural/IdentityIdentityPerformanceTheatre
Large Group,Religious/Spiritual
Duke Debate Practice,StudentDebate
Global Cafe,SocialEnvironmentGraduate StudentsSocialUndergraduate StudentsWellness
E-Social,Student
ASA Converge Showcase 2024 (Performance #1),Multicultural/IdentityA CapellaArtAsian AmericanCulturalDanceHistory
ASA Converge Showcase 2024 (Performance #2),Multicultural/Identity
Christians On Campus Sunday Gathering,Religious/Spiritual
Jessica & Leon's Freshman Small Group,Religious/Spiritual
Judy & Caleb's Upperclassman Small Group,Religious/Spiritual
Naomie & Austin's Freshman Small Group,Religious/Spiritual
"Allen, Ann, Daniel & Lucy's Upperclassman Small Group",Religious/Spiritual
E-Social,Student
Large Group,Religious/Spiritual
Duke Debate Practice,StudentDebate
E-Social,Student
Benjamin Grosvenor,Concert/Music
Christians On Campus Sunday Gathering,Religious/Spiritual
BRUNCHANE,House/Quad CouncilEntertainmentFoodSelf CareSocial
BRUNCHANE,House/Quad CouncilEntertainmentFoodSelf CareSocial
Social Security Drop-Offs,SocialCaribbeanGraduate StudentsInternational StudentsUndergraduate Students
Judy & Caleb's Upperclassman Small Group,Religious/Spiritual
DMV Drop-Offs,SocialGraduate StudentsInternational StudentsUndergraduate Students
E-Social,Student
E-Social,Student
Fauré Piano Quartett,Concert/Music
Christians On Campus Sunday Gathering,Religious/Spiritual
Jessica & Leon's Freshman Small Group,Religious/Spiritual
Judy & Caleb's Upperclassman Small Group,Religious/Spiritual
Naomie & Austin's Freshman Small Group,Religious/Spiritual
"Allen, Ann, Daniel & Lucy's Upperclassman Small Group",Religious/Spiritual
E-Social,Student
Large Group,Religious/Spiritual
Duke Debate Practice,StudentDebate
E-Social,Student
Kings Return,Concert/Music
China Leadership Summit,Panel/Seminar/Colloqium
Christians On Campus Sunday Gathering,Religious/Spiritual
BRUNCHANE,House/Quad CouncilEntertainmentFoodSelf CareSocial
BRUNCHANE,House/Quad CouncilEntertainmentFoodSelf CareSocial
Social Security Drop-Offs,SocialCaribbeanGraduate StudentsInternational StudentsUndergraduate Students
Jessica & Leon's Freshman Small Group,Religious/Spiritual
Judy & Caleb's Upperclassman Small Group,Religious/Spiritual
Naomie & Austin's Freshman Small Group,Religious/Spiritual
"Allen, Ann, Daniel & Lucy's Upperclassman Small Group",Religious/Spiritual
On Beckett,StudentComedyPerformance
E-Social,Student
Large Group,Religious/Spiritual
On Beckett,StudentComedyPerformance
Duke Debate Practice,StudentDebate
E-Social,Student
Christians On Campus Sunday Gathering,Religious/Spiritual
Jessica & Leon's Freshman Small Group,Religious/Spiritual
Naomie & Austin's Freshman Small Group,Religious/Spiritual
"Allen, Ann, Daniel & Lucy's Upperclassman Small Group",Religious/Spiritual
Songs in Flight,Concert/Music
E-Social,Student
Large Group,Religious/Spiritual
Duke Debate Practice,StudentDebate
Global Cafe,SocialEnvironmentGraduate StudentsSocialUndergraduate StudentsWellness
E-Social,Student
Resonance,Concert/Music
Apollo5,Concert/Music
Christians On Campus Sunday Gathering,Religious/Spiritual
BRUNCHANE,House/Quad CouncilEntertainmentFoodSelf CareSocial
BRUNCHANE,House/Quad CouncilEntertainmentFoodSelf CareSocial
Social Security Drop-Offs,SocialCaribbeanGraduate StudentsInternational StudentsUndergraduate Students
Jessica & Leon's Freshman Small Group,Religious/Spiritual
Judy & Caleb's Upperclassman Small Group,Religious/Spiritual
Naomie & Austin's Freshman Small Group,Religious/Spiritual
"Allen, Ann, Daniel & Lucy's Upperclassman Small Group",Religious/Spiritual
DMV Drop-Offs,SocialGraduate StudentsInternational StudentsUndergraduate Students
E-Social,Student
Large Group,Religious/Spiritual
11th Organ II,StudentArtDancePerformance
Duke Debate Practice,StudentDebate
E-Social,Student
11th Organ II,StudentArtDancePerformance
Christians On Campus Sunday Gathering,Religious/Spiritual
Jessica & Leon's Freshman Small Group,Religious/Spiritual
Judy & Caleb's Upperclassman Small Group,Religious/Spiritual
Naomie & Austin's Freshman Small Group,Religious/Spiritual
"Allen, Ann, Daniel & Lucy's Upperclassman Small Group",Religious/Spiritual
E-Social,Student
Large Group,Religious/Spiritual
Duke Debate Practice,StudentDebate
E-Social,Student
The John Brown Big Band featuring Nnenna Freelon,Concert/Music
"Joshua Redman Group featuring Gabrielle Cavassa ""Where Are We"" Tour",Concert/Music
Christians On Campus Sunday Gathering,Religious/Spiritual
BRUNCHANE,House/Quad CouncilEntertainmentFoodSelf CareSocial
BRUNCHANE,House/Quad CouncilEntertainmentFoodSelf CareSocial
Social Security Drop-Offs,SocialCaribbeanGraduate StudentsInternational StudentsUndergraduate Students
Jessica & Leon's Freshman Small Group,Religious/Spiritual
Judy & Caleb's Upperclassman Small Group,Religious/Spiritual
Naomie & Austin's Freshman Small Group,Religious/Spiritual
E-Social,Student
E-Social,Student
Doric String Quartet,Concert/Music
DMV Drop-Offs,SocialGraduate StudentsInternational StudentsUndergraduate Students
Social Security Drop-Offs,SocialCaribbeanGraduate StudentsInternational StudentsUndergraduate Students
Social Security Drop-Offs,SocialCaribbeanGraduate StudentsInternational StudentsUndergraduate Students
Social Security Drop-Offs,SocialCaribbeanGraduate StudentsInternational StudentsUndergraduate Students
DMV Drop-Offs,SocialGraduate StudentsInternational StudentsUndergraduate Students
Social Security Drop-Offs,SocialCaribbeanGraduate StudentsInternational StudentsUndergraduate Students
Social Security Drop-Offs,SocialCaribbeanGraduate StudentsInternational StudentsUndergraduate Students
DMV Drop-Offs,SocialGraduate StudentsInternational StudentsUndergraduate Students
Social Security Drop-Offs,SocialCaribbeanGraduate StudentsInternational StudentsUndergraduate Students
DMV Drop-Offs,SocialGraduate StudentsInternational StudentsUndergraduate Students
Social Security Drop-Offs,SocialCaribbeanGraduate StudentsInternational StudentsUndergraduate Students
Social Security Drop-Offs,SocialCaribbeanGraduate StudentsInternational StudentsUndergraduate Students
